X.U.FEFF.终端,IMEID,时间,东西,经度,南北,纬度,速度,航向,高度,温度,电压,运动量,卫星,HDOP,VDOP,精度,有效性
赤麻鸭04（雌）・KIZ122・剑湖・20220223,35731621,2022/7/30 3:32,东经,99.97086,北纬,50.03336,0,331,1725,35.36,3.699,16,9,0.8,0.7,A,有效
赤麻鸭04（雌）・KIZ122・剑湖・20220223,35731621,2022/7/30 2:52,东经,99.97124,北纬,50.03345,0,96,1716,35.52,3.699,5,8,0.9,0.8,A,有效
赤麻鸭04（雌）・KIZ122・剑湖・20220223,35731621,2022/7/30 2:12,东经,99.97141,北纬,50.0333,0,46,1777,31.96,3.702,7,10,0.8,0.7,A,有效
赤麻鸭04（雌）・KIZ122・剑湖・20220223,35731621,2022/7/30 3:32,东经,99.97086,北纬,50.03336,0,331,1725,35.36,3.699,16,9,0.8,0.7,A,有效
赤麻鸭04（雌）・KIZ122・剑湖・20220223,35731621,2022/7/30 2:52,东经,99.97124,北纬,50.03345,0,96,1716,35.52,3.699,5,8,0.9,0.8,A,有效
赤麻鸭04（雌）・KIZ122・剑湖・20220223,35731621,2022/7/30 2:12,东经,99.97141,北纬,50.0333,0,46,1777,31.96,3.702,7,10,0.8,0.7,A,有效
